username,date,free_deploys,holder_deploys
deployonklik,2025-06-26,0,1
hashveil,2025-06-26,0,0
ubahcrypt,2025-06-26,0,0
cbgambles,2025-06-26,0,0
pretoriano199,2025-06-26,0,0
100xfiend,2025-06-26,0,0
melioeth,2025-06-26,0,0
deezyzy,2025-06-26,0,0
ddiimax,2025-06-26,0,0
yamonft,2025-06-26,0,0
acabarobb,2025-06-26,0,0
diixma94i,2025-06-26,0,0
basedbigg,2025-06-26,0,0
runecrypto_,2025-06-26,1,0
0xwea_,2025-06-26,0,0
speedevso,2025-06-26,0,0
sczptix,2025-06-26,0,0
0xfiro,2025-06-26,1,0
junheehaan,2025-06-26,0,0
dever_et,2025-06-26,0,0
ivan_phl,2025-06-26,1,0
yasuipau8,2025-06-26,0,0
jis_crypto,2025-06-26,0,0
the0verdr1ve,2025-06-26,0,0
zingaranes,2025-06-26,0,0
kubswieckowski,2025-06-26,0,0
ryoshixbt,2025-06-26,0,0
revm2021,2025-06-26,0,0
eagleeyescrypto,2025-06-26,1,0
0cepillado0,2025-06-26,0,0
grok,2025-06-26,1,0
fvsvy,2025-06-26,0,0
arbernaut,2025-06-26,1,0
0xzyaf,2025-06-26,1,0
iamcodeneo,2025-06-26,1,0
aliceterminal,2025-06-26,1,0
rm100x,2025-06-26,0,0
trillkek,2025-06-26,0,0
chainhubai,2025-06-26,0,0
navicooks,2025-06-26,0,0
0xbony,2025-06-26,0,0
saiyajin9001,2025-06-26,0,0
yaaya_mara,2025-06-26,0,0
golden2dm,2025-06-26,0,0
solana_badguy,2025-06-26,0,0
xd_xbt,2025-06-26,0,0
chrisdigitals,2025-06-26,1,0
endingof1,2025-06-26,0,0
duongx1997,2025-06-26,0,0
micheletat70150,2025-06-26,0,0
leo_stract,2025-06-26,0,0
0xspoder,2025-06-26,1,0
askperplexity,2025-06-26,1,0
yiheeeeeeee,2025-06-26,0,0
aixbt_agent,2025-06-26,1,0
0xretardtrade,2025-06-26,0,0
22cerodos,2025-06-26,0,0
richfreen185827,2025-06-26,0,0
moonopolys,2025-06-26,0,0
joshua277jjjh,2025-06-26,0,0
yiboyun613,2025-06-26,1,0
looking4x100,2025-06-26,0,0
bolsaverse,2025-06-26,0,0
pe___lu,2025-06-26,0,0
moneybaggbro_,2025-06-26,0,0
herres_rwina,2025-06-26,0,0
ponzisseur,2025-06-26,1,0
daarealman,2025-06-26,0,0
akanmembaik,2025-06-26,0,0
vuduc9795,2025-06-26,0,0
1stzhyx,2025-06-26,1,0
bankrbot,2025-06-26,1,0
salvatoremain,2025-06-26,0,0
cookey_lyfe559,2025-06-26,0,0
gilbo_bagginz,2025-06-26,0,0
pj_cryptunistic,2025-06-26,0,0
usic_labs,2025-06-26,1,0
gretitypeshit,2025-06-26,1,0
web3_niulaoshi,2025-06-26,0,0
0xcocaineeth,2025-06-26,0,0
jmq1217399,2025-06-26,0,0
stacco__,2025-06-26,1,0
gretitypeshit,2025-06-27,1,0
pj_cryptunistic,2025-06-27,0,0
jimzvseverybody,2025-06-27,0,0
cocoraidarmy,2025-06-27,0,0
m_powersol,2025-06-27,0,0
0xcocaineeth,2025-06-27,0,0
phantoshicrypto,2025-06-27,0,0
0x0yiren,2025-06-27,0,0
gchzee,2025-06-27,0,0
ghiblifi_eth,2025-06-27,0,0
gary66eth,2025-06-27,1,0
pawseteam,2025-06-27,0,0
memeslistings,2025-06-27,1,0
ale96268679,2025-06-27,0,0
livetodie2024,2025-06-27,0,0
yaaya_mara,2025-06-27,0,0
tokyo_hunterx,2025-06-27,1,0
markodegen,2025-06-27,0,0
bankrbot,2025-06-27,1,0
ethholder42069,2025-06-27,0,0
pacojoneseth,2025-06-27,0,0
swftcoin,2025-06-27,1,0
profchadx,2025-06-27,0,0
melioeth,2025-06-27,1,0
aixbt_agent,2025-06-27,1,0
zhuilong888,2025-06-27,1,0
golden2dm,2025-06-27,0,0
0xqingfeng8,2025-06-27,0,0
tael39850821,2025-06-27,0,0
looking4x100,2025-06-27,0,0
0xbrokie_,2025-06-27,0,0
huiwang55653,2025-06-27,0,0
privaprop,2025-06-27,0,0
0xmightyhopium,2025-06-27,0,0
cryptic_maestro,2025-06-27,1,0
rushbattack,2025-06-27,0,0
btc2ai,2025-06-27,1,0
magnumcommunity,2025-06-27,0,0
qiqi_eth,2025-06-27,0,0
____chrisss____,2025-06-27,0,0
smallie_mo,2025-06-27,0,0
dacryptomars,2025-06-27,0,0
sugustrader,2025-06-27,0,0
raiderandom,2025-06-27,0,0
grok,2025-06-27,1,0
rm100x,2025-06-27,0,0
dmiiiitri,2025-06-27,0,0
crypscotty,2025-06-27,0,0
_lyonzzzz,2025-06-27,0,0
ethpepe420,2025-06-27,0,0
jaysangha94,2025-06-27,0,0
matx_ba,2025-06-27,0,0
doprik,2025-06-27,0,0
b1gbicep,2025-06-27,0,0
studio17south,2025-06-27,0,0
trapblockchain,2025-06-27,0,0
xxyang1337,2025-06-27,0,0
suprememeley,2025-06-27,0,0
10_zen_,2025-06-27,0,0
larry_cex,2025-06-27,0,0
askperplexity,2025-06-27,0,0
methane_credits,2025-06-27,0,0
newuser,2025-06-27,0,0
qb12mnviking,2025-06-27,0,0
missionvr1,2025-06-27,0,0
captain0veru,2025-06-27,0,0
kolanotkola,2025-06-27,0,0
0xdestinyae,2025-06-27,0,0
shuirenzhi88858,2025-06-27,0,0
0x_maeko,2025-06-27,1,0
nikosa99879277,2025-06-27,0,0
endingof1,2025-06-27,0,0
notbolsaverse,2025-06-27,1,0
todamoon69,2025-06-27,1,0
unvrcrs,2025-06-27,0,0
andoph11,2025-06-27,0,0
idekun321511,2025-06-27,1,0
vijayanvishnu2,2025-06-28,1,0
mice_riscv,2025-06-28,0,0
kingtenryuubito,2025-06-28,1,0
0xqingfeng8,2025-06-28,1,0
onchainpicasso,2025-06-28,1,0
bankrbot,2025-06-28,1,0
pulsarcj,2025-06-28,0,0
aixbt_agent,2025-06-28,0,0
aigov_agent,2025-06-28,1,0
fidbase,2025-06-28,1,0
basedegentoken,2025-06-28,1,0
ale96268679,2025-06-28,0,0
leduc_03,2025-06-28,1,0
melioeth,2025-06-28,1,0
massy_0828,2025-06-28,1,0
mndx2,2025-06-28,0,0
yohnce11,2025-06-28,0,0
alvaapp,2025-06-28,1,0
tommyuk7,2025-06-28,0,0
nattylite92,2025-06-28,0,0
mdfaizanaquil,2025-06-28,0,0
yh23336910,2025-06-28,1,0
leo_stract,2025-06-28,0,0
notbolsaverse,2025-06-28,1,0
askperplexity,2025-06-28,1,0
ashman_btc,2025-06-28,1,0
moonopolys,2025-06-28,0,0
yuarenothuman,2025-06-28,0,0
aandreee20,2025-06-28,1,0
lilregdawg,2025-06-28,1,0
agentwyck,2025-06-28,1,0
sarimineth,2025-06-28,0,0
skilt382,2025-06-28,1,0
